semana_ref,Estado - Sigla,Produto,Bandeira,preco_medio,preco_mediano,preco_minimo,preco_maximo,preco_compra_medio,qtd_postos
2026-15,BA,GASOLINA ADITIVADA,BRANCA,7.488,7.57,6.91,8.15,,55
2026-15,BA,GASOLINA ADITIVADA,IPIRANGA,7.6578,7.72,6.99,8.09,,23
2026-15,BA,GASOLINA ADITIVADA,LARCO,7.2467,7.3,6.93,7.51,,3
2026-15,BA,GASOLINA ADITIVADA,PETROBAHIA,7.5267,7.69,6.93,7.96,,3
2026-15,BA,GASOLINA ADITIVADA,PETROSERRA,7.1,7.1,7.1,7.1,,1
2026-15,BA,GASOLINA ADITIVADA,RAIZEN,7.7089,7.735,7.27,8.25,,28
2026-15,BA,GASOLINA ADITIVADA,VIBRA,7.5226,7.49,6.97,8.99,,46
2026-15,DF,GASOLINA ADITIVADA,BRANCA,6.5986,6.55,6.28,7.19,,21
2026-15,DF,GASOLINA ADITIVADA,IPIRANGA,6.615,6.59,6.49,6.79,,4
2026-15,DF,GASOLINA ADITIVADA,RAIZEN,7.19,7.19,7.19,7.19,,1
2026-15,DF,GASOLINA ADITIVADA,VIBRA,6.6289,6.59,6.49,6.79,,19
2026-15,GO,GASOLINA ADITIVADA,ALE,6.535,6.535,6.39,6.68,,2
2026-15,GO,GASOLINA ADITIVADA,BRANCA,6.6297,6.57,6.15,7.34,,29
2026-15,GO,GASOLINA ADITIVADA,CIAPETRO,6.95,6.95,6.95,6.95,,1
2026-15,GO,GASOLINA ADITIVADA,IPIRANGA,6.7707,6.77,6.29,7.19,,27
2026-15,GO,GASOLINA ADITIVADA,NEXTA,6.62,6.62,6.45,6.79,,2
2026-15,GO,GASOLINA ADITIVADA,RAIZEN,6.9806,6.94,6.39,7.47,,16
2026-15,GO,GASOLINA ADITIVADA,VIBRA,6.8582,6.875,6.39,7.37,,22
2026-15,MG,GASOLINA ADITIVADA,ALE,6.7027,6.68,6.48,7.19,,11
2026-15,MG,GASOLINA ADITIVADA,BRANCA,6.5999,6.59,6.15,7.29,,70
2026-15,MG,GASOLINA ADITIVADA,IPIRANGA,6.7449,6.74,6.34,7.29,,61
2026-15,MG,GASOLINA ADITIVADA,MONTEPETRO,6.34,6.34,6.34,6.34,,1
2026-15,MG,GASOLINA ADITIVADA,NEXTA,6.5533,6.49,6.28,6.89,,3
2026-15,MG,GASOLINA ADITIVADA,RAIZEN,6.8258,6.79,6.25,7.48,,62
2026-15,MG,GASOLINA ADITIVADA,RODOIL,6.48,6.48,6.48,6.48,,1
2026-15,MG,GASOLINA ADITIVADA,VIBRA,6.7272,6.695,6.07,7.99,,98
2026-15,PR,GASOLINA ADITIVADA,BRANCA,6.7996,6.79,6.19,7.33,,55
2026-15,PR,GASOLINA ADITIVADA,CIAPETRO,6.7375,6.735,6.69,6.79,,4
2026-15,PR,GASOLINA ADITIVADA,DIBRAPE,7.09,7.09,7.09,7.09,,2
2026-15,PR,GASOLINA ADITIVADA,ESTRADA,6.74,6.74,6.74,6.74,,1
2026-15,PR,GASOLINA ADITIVADA,IDAZA,6.29,6.29,6.29,6.29,,2
2026-15,PR,GASOLINA ADITIVADA,IPIRANGA,7.0639,7.09,6.49,7.6,,51
2026-15,PR,GASOLINA ADITIVADA,MAXSUL,6.19,6.19,6.19,6.19,,1
2026-15,PR,GASOLINA ADITIVADA,RAIZEN,7.0765,7.09,6.49,7.39,,54
2026-15,PR,GASOLINA ADITIVADA,RODOIL,6.8633,6.69,6.61,7.29,,3
2026-15,PR,GASOLINA ADITIVADA,STANG,6.35,6.36,6.19,6.49,,4
2026-15,PR,GASOLINA ADITIVADA,VIBRA,7.115,7.105,6.45,7.79,,38
2026-15,RJ,GASOLINA ADITIVADA,ALE,6.8044,6.94,6.47,7.19,,9
2026-15,RJ,GASOLINA ADITIVADA,BRANCA,6.9311,6.99,6.39,8.19,,103
2026-15,RJ,GASOLINA ADITIVADA,IPIRANGA,6.9826,6.985,6.29,7.64,,54
2026-15,RJ,GASOLINA ADITIVADA,NEXTA,6.49,6.49,6.39,6.59,,2
2026-15,RJ,GASOLINA ADITIVADA,RAIZEN,7.0067,6.99,6.54,7.69,,60
2026-15,RJ,GASOLINA ADITIVADA,VIBRA,7.0001,6.95,6.29,7.55,,67
2026-15,RS,GASOLINA ADITIVADA,ALE,6.69,6.69,6.69,6.69,,1
2026-15,RS,GASOLINA ADITIVADA,BRANCA,6.6898,6.65,6.34,7.34,,81
2026-15,RS,GASOLINA ADITIVADA,CHARRUA,6.673,6.675,6.35,6.99,,20
2026-15,RS,GASOLINA ADITIVADA,IPIRANGA,6.8789,6.85,6.37,7.79,,91
2026-15,RS,GASOLINA ADITIVADA,POTENCIAL,6.69,6.69,6.69,6.69,,1
2026-15,RS,GASOLINA ADITIVADA,RAIZEN,6.8623,6.89,6.48,7.79,,47
2026-15,RS,GASOLINA ADITIVADA,RODOIL,6.75,6.69,6.57,6.95,,8
2026-15,RS,GASOLINA ADITIVADA,SANTA LUCIA,6.87,6.84,6.84,6.93,,3
2026-15,RS,GASOLINA ADITIVADA,VIBRA,6.8837,6.89,6.49,7.64,,62
2026-15,SP,GASOLINA ADITIVADA,ALE,6.7856,6.79,6.59,6.99,,9
2026-15,SP,GASOLINA ADITIVADA,BRANCA,6.7234,6.69,6.09,8.89,,270
2026-15,SP,GASOLINA ADITIVADA,D`MAIS,6.39,6.39,6.39,6.39,,1
2026-15,SP,GASOLINA ADITIVADA,IPIRANGA,7.0275,6.99,6.39,9.09,,263
2026-15,SP,GASOLINA ADITIVADA,NEXTA,6.99,6.99,6.99,6.99,,1
2026-15,SP,GASOLINA ADITIVADA,RAIZEN,7.0567,6.99,6.27,8.99,,242
2026-15,SP,GASOLINA ADITIVADA,SIM DISTRIBUIDOR,6.99,6.99,6.99,6.99,,1
2026-15,SP,GASOLINA ADITIVADA,VIBRA,7.0044,6.96,5.89,9.79,,203
2026-16,BA,GASOLINA ADITIVADA,BRANCA,7.4239,7.49,6.9,8.15,,69
2026-16,BA,GASOLINA ADITIVADA,IPIRANGA,7.5935,7.68,6.88,8.05,,23
2026-16,BA,GASOLINA ADITIVADA,LARCO,7.14,7.0,6.91,7.51,,3
2026-16,BA,GASOLINA ADITIVADA,PETROBAHIA,7.52,7.69,6.91,7.96,,3
2026-16,BA,GASOLINA ADITIVADA,PETROSERRA,6.92,6.92,6.92,6.92,,1
2026-16,BA,GASOLINA ADITIVADA,RAIZEN,7.6181,7.64,7.03,8.1,,26
2026-16,BA,GASOLINA ADITIVADA,VIBRA,7.3983,7.29,6.97,7.99,,47
2026-16,DF,GASOLINA ADITIVADA,BRANCA,6.5836,6.55,6.27,7.19,,22
2026-16,DF,GASOLINA ADITIVADA,IPIRANGA,6.515,6.49,6.39,6.69,,4
2026-16,DF,GASOLINA ADITIVADA,RAIZEN,6.625,6.625,6.62,6.63,,2
2026-16,DF,GASOLINA ADITIVADA,VIBRA,6.6739,6.62,6.49,7.14,,18
2026-16,GO,GASOLINA ADITIVADA,ALE,6.5967,6.68,6.39,6.72,,3
2026-16,GO,GASOLINA ADITIVADA,BRANCA,6.5926,6.57,5.99,7.34,,35
2026-16,GO,GASOLINA ADITIVADA,CIAPETRO,6.95,6.95,6.95,6.95,,1
2026-16,GO,GASOLINA ADITIVADA,IPIRANGA,6.8476,6.89,6.28,7.19,,25
2026-16,GO,GASOLINA ADITIVADA,NEXTA,6.7933,6.79,6.45,7.14,,3
2026-16,GO,GASOLINA ADITIVADA,RAIZEN,7.1616,7.34,6.39,7.64,,19
2026-16,GO,GASOLINA ADITIVADA,VIBRA,6.829,6.79,6.39,7.37,,21
2026-16,MG,GASOLINA ADITIVADA,ALE,6.7046,6.59,6.38,7.29,,13
2026-16,MG,GASOLINA ADITIVADA,BRANCA,6.5504,6.54,5.98,7.15,,69
2026-16,MG,GASOLINA ADITIVADA,CIAPETRO,6.49,6.49,6.49,6.49,,1
2026-16,MG,GASOLINA ADITIVADA,IPIRANGA,6.7461,6.75,6.19,7.29,,57
2026-16,MG,GASOLINA ADITIVADA,MONTEPETRO,6.29,6.29,6.29,6.29,,1
2026-16,MG,GASOLINA ADITIVADA,NEXTA,6.28,6.28,6.28,6.28,,1
2026-16,MG,GASOLINA ADITIVADA,RAIZEN,6.8368,6.795,6.15,7.48,,60
2026-16,MG,GASOLINA ADITIVADA,RIO BRANCO,6.59,6.59,6.59,6.59,,1
2026-16,MG,GASOLINA ADITIVADA,RODOIL,6.29,6.29,6.29,6.29,,1
2026-16,MG,GASOLINA ADITIVADA,VIBRA,6.7039,6.685,5.97,7.99,,98
2026-16,PR,GASOLINA ADITIVADA,ALE,6.99,6.99,6.73,7.25,,2
2026-16,PR,GASOLINA ADITIVADA,BRANCA,6.7362,6.79,6.09,7.39,,61
2026-16,PR,GASOLINA ADITIVADA,CIAPETRO,6.7533,6.75,6.72,6.79,,3
2026-16,PR,GASOLINA ADITIVADA,DIBRAPE,7.09,7.09,7.09,7.09,,2
2026-16,PR,GASOLINA ADITIVADA,IDAZA,6.29,6.29,6.29,6.29,,2
2026-16,PR,GASOLINA ADITIVADA,IPIRANGA,7.0404,6.99,6.44,7.6,,48
2026-16,PR,GASOLINA ADITIVADA,MAXSUL,6.19,6.19,6.19,6.19,,1
2026-16,PR,GASOLINA ADITIVADA,POTENCIAL,6.99,6.99,6.99,6.99,,1
2026-16,PR,GASOLINA ADITIVADA,RAIZEN,7.1004,7.15,6.49,7.59,,49
2026-16,PR,GASOLINA ADITIVADA,RODOIL,7.015,7.015,6.64,7.39,,2
2026-16,PR,GASOLINA ADITIVADA,STANG,6.392,6.36,6.26,6.49,,5
2026-16,PR,GASOLINA ADITIVADA,VIBRA,7.1036,7.19,6.59,7.69,,33
2026-16,RJ,GASOLINA ADITIVADA,ALE,6.8382,6.94,6.37,7.19,,11
2026-16,RJ,GASOLINA ADITIVADA,BRANCA,6.9125,6.89,6.39,8.19,,83
2026-16,RJ,GASOLINA ADITIVADA,IPIRANGA,6.976,6.96,6.29,7.59,,42
2026-16,RJ,GASOLINA ADITIVADA,NEXTA,6.49,6.49,6.39,6.59,,2
2026-16,RJ,GASOLINA ADITIVADA,RAIZEN,7.0404,6.99,6.54,7.79,,52
2026-16,RJ,GASOLINA ADITIVADA,VIBRA,7.0088,6.98,6.29,7.55,,57
2026-16,RS,GASOLINA ADITIVADA,ALE,6.575,6.575,6.46,6.69,,2
2026-16,RS,GASOLINA ADITIVADA,BRANCA,6.5792,6.58,6.21,7.2,,77
2026-16,RS,GASOLINA ADITIVADA,CHARRUA,6.6676,6.67,6.39,6.94,,17
2026-16,RS,GASOLINA ADITIVADA,IPIRANGA,6.8349,6.79,6.37,7.73,,81
2026-16,RS,GASOLINA ADITIVADA,MAXSUL,6.56,6.56,6.56,6.56,,1
2026-16,RS,GASOLINA ADITIVADA,POTENCIAL,6.69,6.69,6.69,6.69,,1
2026-16,RS,GASOLINA ADITIVADA,RAIZEN,6.81,6.79,6.39,7.79,,43
2026-16,RS,GASOLINA ADITIVADA,RODOIL,6.729,6.69,6.59,6.95,,10
2026-16,RS,GASOLINA ADITIVADA,SANTA LUCIA,6.84,6.84,6.84,6.84,,2
2026-16,RS,GASOLINA ADITIVADA,VIBRA,6.8605,6.79,6.49,7.64,,57
2026-16,SP,GASOLINA ADITIVADA,ALE,6.846,6.79,6.39,7.49,,10
2026-16,SP,GASOLINA ADITIVADA,BRANCA,6.6788,6.65,6.09,8.89,,264
2026-16,SP,GASOLINA ADITIVADA,D`MAIS,6.39,6.39,6.39,6.39,,2
2026-16,SP,GASOLINA ADITIVADA,IPIRANGA,7.029,6.99,6.29,9.09,,258
2026-16,SP,GASOLINA ADITIVADA,NEXTA,6.99,6.99,6.99,6.99,,1
2026-16,SP,GASOLINA ADITIVADA,RAIZEN,7.0623,6.99,6.27,8.99,,232
2026-16,SP,GASOLINA ADITIVADA,SIM DISTRIBUIDOR,6.8233,6.79,6.69,6.99,,3
2026-16,SP,GASOLINA ADITIVADA,VIBRA,6.994,6.89,6.34,9.79,,202
2026-17,BA,GASOLINA ADITIVADA,BRANCA,7.3492,7.35,5.98,8.15,,72
2026-17,BA,GASOLINA ADITIVADA,IPIRANGA,7.5491,7.655,6.88,8.05,,22
2026-17,BA,GASOLINA ADITIVADA,LARCO,7.0667,7.0,6.81,7.39,,3
2026-17,BA,GASOLINA ADITIVADA,PETROBAHIA,7.435,7.435,6.91,7.96,,2
2026-17,BA,GASOLINA ADITIVADA,PETROSERRA,6.88,6.88,6.88,6.88,,1
2026-17,BA,GASOLINA ADITIVADA,RAIZEN,7.6276,7.59,7.09,8.97,,29
2026-17,BA,GASOLINA ADITIVADA,VIBRA,7.3993,7.29,6.89,8.04,,42
2026-17,DF,GASOLINA ADITIVADA,BRANCA,6.3248,6.27,6.09,6.75,,21
2026-17,DF,GASOLINA ADITIVADA,IPIRANGA,6.475,6.42,6.27,6.79,,4
2026-17,DF,GASOLINA ADITIVADA,RAIZEN,6.99,6.99,6.99,6.99,,1
2026-17,DF,GASOLINA ADITIVADA,VIBRA,6.4016,6.28,6.03,6.79,,19
2026-17,GO,GASOLINA ADITIVADA,ALE,6.5967,6.68,6.39,6.72,,3
2026-17,GO,GASOLINA ADITIVADA,BRANCA,6.5933,6.59,5.89,7.34,,33
2026-17,GO,GASOLINA ADITIVADA,CIAPETRO,6.93,6.93,6.93,6.93,,1
2026-17,GO,GASOLINA ADITIVADA,IPIRANGA,6.8529,6.895,6.53,7.19,,24
2026-17,GO,GASOLINA ADITIVADA,NEXTA,6.47,6.47,6.45,6.49,,2
2026-17,GO,GASOLINA ADITIVADA,RAIZEN,7.2111,7.355,6.69,7.64,,18
2026-17,GO,GASOLINA ADITIVADA,VIBRA,6.875,6.84,6.19,7.47,,20
2026-17,MG,GASOLINA ADITIVADA,ALE,6.6031,6.49,6.35,7.19,,16
2026-17,MG,GASOLINA ADITIVADA,BRANCA,6.5061,6.49,5.95,7.15,,66
2026-17,MG,GASOLINA ADITIVADA,IPIRANGA,6.6852,6.69,6.13,7.19,,52
2026-17,MG,GASOLINA ADITIVADA,MONTEPETRO,6.29,6.29,6.29,6.29,,1
2026-17,MG,GASOLINA ADITIVADA,RAIZEN,6.8094,6.8,6.19,7.48,,49
2026-17,MG,GASOLINA ADITIVADA,RODOIL,6.29,6.29,6.29,6.29,,1
2026-17,MG,GASOLINA ADITIVADA,VIBRA,6.6709,6.665,5.89,7.99,,86
2026-17,PR,GASOLINA ADITIVADA,ALE,6.89,6.89,6.63,7.15,,2
2026-17,PR,GASOLINA ADITIVADA,BRANCA,6.6323,6.59,6.07,7.39,,48
2026-17,PR,GASOLINA ADITIVADA,CIAPETRO,6.7125,6.72,6.62,6.79,,4
2026-17,PR,GASOLINA ADITIVADA,IDAZA,6.29,6.29,6.29,6.29,,2
2026-17,PR,GASOLINA ADITIVADA,IPIRANGA,6.9451,6.89,6.44,7.6,,37
2026-17,PR,GASOLINA ADITIVADA,MAXSUL,6.19,6.19,6.19,6.19,,1
2026-17,PR,GASOLINA ADITIVADA,RAIZEN,7.0584,7.09,6.59,7.49,,55
2026-17,PR,GASOLINA ADITIVADA,RODOIL,7.015,7.015,6.64,7.39,,2
2026-17,PR,GASOLINA ADITIVADA,STANG,6.3467,6.36,6.19,6.49,,3
2026-17,PR,GASOLINA ADITIVADA,VIBRA,7.0131,7.06,6.59,7.69,,26
2026-17,RJ,GASOLINA ADITIVADA,ALE,6.7918,6.85,6.37,7.18,,11
2026-17,RJ,GASOLINA ADITIVADA,BRANCA,6.8919,6.89,6.29,8.19,,101
2026-17,RJ,GASOLINA ADITIVADA,IPIRANGA,6.9846,6.99,6.19,7.59,,48
2026-17,RJ,GASOLINA ADITIVADA,NEXTA,6.49,6.49,6.39,6.59,,2
2026-17,RJ,GASOLINA ADITIVADA,RAIZEN,6.999,6.99,6.49,7.69,,61
2026-17,RJ,GASOLINA ADITIVADA,VIBRA,6.9597,6.89,6.29,7.55,,67
2026-17,RS,GASOLINA ADITIVADA,ALE,6.49,6.49,6.49,6.49,,1
2026-17,RS,GASOLINA ADITIVADA,BRANCA,6.5029,6.39,6.15,7.57,,78
2026-17,RS,GASOLINA ADITIVADA,CHARRUA,6.5981,6.59,6.35,6.94,,16
2026-17,RS,GASOLINA ADITIVADA,IPIRANGA,6.7937,6.79,6.34,7.99,,79
2026-17,RS,GASOLINA ADITIVADA,POTENCIAL,6.69,6.69,6.69,6.69,,1
2026-17,RS,GASOLINA ADITIVADA,RAIZEN,6.7733,6.79,6.35,7.66,,49
2026-17,RS,GASOLINA ADITIVADA,RODOIL,6.6708,6.69,6.39,6.95,,13
2026-17,RS,GASOLINA ADITIVADA,SANTA LUCIA,6.93,6.93,6.93,6.93,,1
2026-17,RS,GASOLINA ADITIVADA,VIBRA,6.8148,6.79,6.45,7.64,,61
2026-17,SP,GASOLINA ADITIVADA,ALE,6.846,6.84,6.39,7.49,,10
2026-17,SP,GASOLINA ADITIVADA,BRANCA,6.5975,6.59,5.96,8.89,,253
2026-17,SP,GASOLINA ADITIVADA,D`MAIS,6.29,6.29,6.29,6.29,,2
2026-17,SP,GASOLINA ADITIVADA,IPIRANGA,6.9631,6.89,6.29,9.09,,240
2026-17,SP,GASOLINA ADITIVADA,RAIZEN,7.0096,6.93,6.19,8.99,,229
2026-17,SP,GASOLINA ADITIVADA,SIM DISTRIBUIDOR,6.8567,6.89,6.69,6.99,,3
2026-17,SP,GASOLINA ADITIVADA,VIBRA,6.9383,6.89,5.95,9.19,,195
2026-18,BA,GASOLINA ADITIVADA,BRANCA,7.3682,7.385,6.79,8.15,,66
2026-18,BA,GASOLINA ADITIVADA,IPIRANGA,7.5855,7.69,6.75,8.05,,20
2026-18,BA,GASOLINA ADITIVADA,LARCO,6.865,6.865,6.73,7.0,,2
2026-18,BA,GASOLINA ADITIVADA,PETROBAHIA,7.325,7.325,6.69,7.96,,2
2026-18,BA,GASOLINA ADITIVADA,PETROSERRA,6.88,6.88,6.88,6.88,,1
2026-18,BA,GASOLINA ADITIVADA,RAIZEN,7.5536,7.54,6.74,8.14,,25
2026-18,BA,GASOLINA ADITIVADA,VIBRA,7.4207,7.29,6.78,8.99,,45
2026-18,DF,GASOLINA ADITIVADA,BRANCA,6.2567,6.18,6.04,6.69,,21
2026-18,DF,GASOLINA ADITIVADA,IPIRANGA,6.362,6.34,6.18,6.59,,5
2026-18,DF,GASOLINA ADITIVADA,RAIZEN,6.92,6.92,6.92,6.92,,1
2026-18,DF,GASOLINA ADITIVADA,VIBRA,6.5183,6.53,6.08,6.79,,18
2026-18,GO,GASOLINA ADITIVADA,ALE,6.7267,6.72,6.39,7.07,,3
2026-18,GO,GASOLINA ADITIVADA,BRANCA,6.7323,6.89,6.09,7.49,,35
2026-18,GO,GASOLINA ADITIVADA,CIAPETRO,6.93,6.93,6.93,6.93,,1
2026-18,GO,GASOLINA ADITIVADA,IPIRANGA,6.8827,6.94,6.19,7.19,,26
2026-18,GO,GASOLINA ADITIVADA,NEXTA,6.49,6.49,6.49,6.49,,1
2026-18,GO,GASOLINA ADITIVADA,RAIZEN,7.2618,7.37,6.8,7.64,,17
2026-18,GO,GASOLINA ADITIVADA,VIBRA,6.904,6.965,6.06,7.47,,20
2026-18,MG,GASOLINA ADITIVADA,ALE,6.5725,6.49,6.19,7.19,,16
2026-18,MG,GASOLINA ADITIVADA,BRANCA,6.445,6.39,5.98,7.15,,62
2026-18,MG,GASOLINA ADITIVADA,CIAPETRO,6.38,6.38,6.38,6.38,,1
2026-18,MG,GASOLINA ADITIVADA,IPIRANGA,6.6698,6.69,6.09,7.19,,55
2026-18,MG,GASOLINA ADITIVADA,LARCO,6.04,6.04,6.04,6.04,,1
2026-18,MG,GASOLINA ADITIVADA,MONTEPETRO,6.29,6.29,6.29,6.29,,1
2026-18,MG,GASOLINA ADITIVADA,NEXTA,6.29,6.29,6.29,6.29,,1
2026-18,MG,GASOLINA ADITIVADA,RAIZEN,6.7331,6.7,5.99,7.29,,58
2026-18,MG,GASOLINA ADITIVADA,RIO BRANCO,6.44,6.44,6.44,6.44,,1
2026-18,MG,GASOLINA ADITIVADA,RODOIL,6.29,6.29,6.29,6.29,,1
2026-18,MG,GASOLINA ADITIVADA,VIBRA,6.5898,6.59,5.79,8.15,,86
2026-18,PR,GASOLINA ADITIVADA,BRANCA,6.6574,6.69,6.07,7.29,,53
2026-18,PR,GASOLINA ADITIVADA,CIAPETRO,6.6533,6.62,6.59,6.75,,3
2026-18,PR,GASOLINA ADITIVADA,DIBRAPE,7.09,7.09,7.09,7.09,,2
2026-18,PR,GASOLINA ADITIVADA,ESTRADA,6.74,6.74,6.74,6.74,,1
2026-18,PR,GASOLINA ADITIVADA,IDAZA,6.29,6.29,6.29,6.29,,2
2026-18,PR,GASOLINA ADITIVADA,IPIRANGA,7.0319,7.01,6.49,7.6,,62
2026-18,PR,GASOLINA ADITIVADA,MAXSUL,6.19,6.19,6.19,6.19,,1
2026-18,PR,GASOLINA ADITIVADA,NEXTA,7.19,7.19,7.19,7.19,,1
2026-18,PR,GASOLINA ADITIVADA,ON PETRO,7.09,7.09,7.09,7.09,,1
2026-18,PR,GASOLINA ADITIVADA,POTENCIAL,7.49,7.49,7.49,7.49,,1
2026-18,PR,GASOLINA ADITIVADA,RAIZEN,7.0539,7.09,6.49,7.49,,61
2026-18,PR,GASOLINA ADITIVADA,RODOIL,7.15,7.15,7.15,7.15,,1
2026-18,PR,GASOLINA ADITIVADA,STANG,6.315,6.34,6.09,6.49,,4
2026-18,PR,GASOLINA ADITIVADA,VIBRA,7.0335,7.09,6.45,7.59,,37
2026-18,RJ,GASOLINA ADITIVADA,ALE,6.9571,6.99,6.37,7.19,,7
2026-18,RJ,GASOLINA ADITIVADA,BRANCA,6.89,6.89,6.29,8.19,,74
2026-18,RJ,GASOLINA ADITIVADA,IPIRANGA,6.9808,6.99,6.29,7.59,,37
2026-18,RJ,GASOLINA ADITIVADA,NEXTA,6.39,6.39,6.39,6.39,,1
2026-18,RJ,GASOLINA ADITIVADA,RAIZEN,6.9663,6.98,6.49,7.49,,51
2026-18,RJ,GASOLINA ADITIVADA,VIBRA,6.9936,6.95,6.59,7.55,,61
2026-18,RS,GASOLINA ADITIVADA,ALE,6.49,6.49,6.49,6.49,,1
2026-18,RS,GASOLINA ADITIVADA,BRANCA,6.5566,6.59,5.99,6.99,,71
2026-18,RS,GASOLINA ADITIVADA,CHARRUA,6.6195,6.605,6.35,6.94,,20
2026-18,RS,GASOLINA ADITIVADA,IPIRANGA,6.7869,6.79,6.29,7.52,,90
2026-18,RS,GASOLINA ADITIVADA,POTENCIAL,6.69,6.69,6.69,6.69,,1
2026-18,RS,GASOLINA ADITIVADA,RAIZEN,6.7951,6.79,6.29,7.66,,41
2026-18,RS,GASOLINA ADITIVADA,RODOIL,6.663,6.63,6.39,6.95,,10
2026-18,RS,GASOLINA ADITIVADA,SANTA LUCIA,6.84,6.84,6.84,6.84,,2
2026-18,RS,GASOLINA ADITIVADA,VIBRA,6.8344,6.79,6.39,7.64,,59
2026-18,SP,GASOLINA ADITIVADA,ALE,6.8209,6.79,6.39,7.39,,11
2026-18,SP,GASOLINA ADITIVADA,BRANCA,6.5312,6.49,5.96,8.19,,304
2026-18,SP,GASOLINA ADITIVADA,D`MAIS,6.3233,6.29,6.29,6.39,,3
2026-18,SP,GASOLINA ADITIVADA,IPIRANGA,6.9585,6.89,6.09,9.09,,231
2026-18,SP,GASOLINA ADITIVADA,NEXTA,6.99,6.99,6.99,6.99,,1
2026-18,SP,GASOLINA ADITIVADA,RAIZEN,7.0026,6.89,5.99,8.99,,211
2026-18,SP,GASOLINA ADITIVADA,SIM DISTRIBUIDOR,7.04,6.84,6.49,7.99,,4
2026-18,SP,GASOLINA ADITIVADA,VIBRA,6.9292,6.87,6.14,9.79,,196
2026-15,BA,DIESEL,ALE,8.3233,8.29,8.29,8.39,,3
2026-15,BA,DIESEL,BRANCA,8.1205,8.09,7.19,8.99,,64
2026-15,BA,DIESEL,IPIRANGA,8.1715,8.19,7.19,8.95,,13
2026-15,BA,DIESEL,LARCO,7.95,7.95,7.6,8.3,,4
2026-15,BA,DIESEL,PETROBAHIA,8.0933,7.89,7.83,8.56,,3
2026-15,BA,DIESEL,PETROSERRA,7.69,7.69,7.69,7.69,,1
2026-15,BA,DIESEL,RAIZEN,8.1652,8.09,7.19,8.89,,21
2026-15,BA,DIESEL,VIBRA,8.0005,7.94,7.49,9.08,,21
2026-15,BA,DIESEL S10,ALE,8.16,8.23,7.69,8.49,,4
2026-15,BA,DIESEL S10,BRANCA,8.2629,8.27,7.39,9.39,,76
2026-15,BA,DIESEL S10,IPIRANGA,8.158,8.19,7.39,9.09,,25
2026-15,BA,DIESEL S10,LARCO,7.99,7.93,7.7,8.4,,4
2026-15,BA,DIESEL S10,PETROBAHIA,8.19,8.085,7.93,8.66,,4
2026-15,BA,DIESEL S10,PETROSERRA,7.79,7.79,7.79,7.79,,1
2026-15,BA,DIESEL S10,RAIZEN,8.2664,8.14,7.39,9.45,,28
2026-15,BA,DIESEL S10,TEMAPE,7.6,7.6,7.6,7.6,,1
2026-15,BA,DIESEL S10,VIBRA,8.137,7.99,7.59,9.18,,33
2026-15,DF,DIESEL,BRANCA,7.5992,7.455,7.29,8.39,,12
2026-15,DF,DIESEL,IPIRANGA,7.1233,7.09,6.89,7.39,,3
2026-15,DF,DIESEL,VIBRA,7.12,7.11,6.99,7.27,,4
2026-15,DF,DIESEL S10,BRANCA,7.6317,7.5,7.39,8.39,,12
2026-15,DF,DIESEL S10,VIBRA,7.402,7.39,7.19,7.67,,5
2026-15,GO,DIESEL,ALE,7.33,7.33,7.29,7.37,,2
2026-15,GO,DIESEL,BRANCA,7.3514,7.39,6.79,7.99,,43
2026-15,GO,DIESEL,CIAPETRO,7.35,7.35,7.35,7.35,,1
2026-15,GO,DIESEL,IPIRANGA,7.2293,7.19,6.87,7.79,,15
2026-15,GO,DIESEL,NEXTA,7.365,7.34,6.89,7.89,,4
2026-15,GO,DIESEL,RAIZEN,7.4064,7.39,6.99,7.79,,11
2026-15,GO,DIESEL,VIBRA,7.4717,7.41,7.19,7.95,,12
2026-15,GO,DIESEL S10,ALE,7.55,7.47,7.29,7.89,,3
2026-15,GO,DIESEL S10,BRANCA,7.4094,7.49,6.89,7.99,,62
2026-15,GO,DIESEL S10,CIAPETRO,7.39,7.39,7.39,7.39,,1
2026-15,GO,DIESEL S10,IPIRANGA,7.4323,7.49,6.92,7.99,,31
2026-15,GO,DIESEL S10,NEXTA,7.2567,7.39,6.99,7.39,,3
2026-15,GO,DIESEL S10,RAIZEN,7.5007,7.49,7.09,7.99,,15
2026-15,GO,DIESEL S10,VIBRA,7.6105,7.59,7.09,7.99,,21
2026-15,MG,DIESEL,ALE,7.0094,6.89,6.77,7.49,,18
2026-15,MG,DIESEL,BRANCA,7.3088,7.29,6.69,7.99,,80
2026-15,MG,DIESEL,IPIRANGA,7.0979,6.99,6.54,7.79,,57
2026-15,MG,DIESEL,NEXTA,7.29,7.29,7.29,7.29,,1
2026-15,MG,DIESEL,RAIZEN,7.1582,7.14,6.79,7.59,,34
2026-15,MG,DIESEL,RODOIL,6.99,6.99,6.99,6.99,,1
2026-15,MG,DIESEL,VIBRA,7.0716,6.99,6.54,7.64,,58
2026-15,MG,DIESEL S10,ALE,7.1948,7.09,6.87,7.69,,23
2026-15,MG,DIESEL S10,BRANCA,7.4562,7.48,6.88,8.09,,117
2026-15,MG,DIESEL S10,IPIRANGA,7.3201,7.29,6.79,7.99,,70
2026-15,MG,DIESEL S10,MONTEPETRO,7.45,7.45,7.45,7.45,,1
2026-15,MG,DIESEL S10,NEXTA,7.335,7.39,6.97,7.59,,4
2026-15,MG,DIESEL S10,RAIZEN,7.3085,7.28,6.79,7.94,,39
2026-15,MG,DIESEL S10,RODOIL,7.19,7.19,7.19,7.19,,1
2026-15,MG,DIESEL S10,VIBRA,7.3102,7.29,6.79,7.99,,86
2026-15,PR,DIESEL,BRANCA,7.3561,7.29,6.79,8.49,,33
2026-15,PR,DIESEL,CIAPETRO,7.335,7.335,7.28,7.39,,2
2026-15,PR,DIESEL,DIBRAPE,6.99,6.99,6.99,6.99,,2
2026-15,PR,DIESEL,ESTRADA,7.19,7.19,7.19,7.19,,1
2026-15,PR,DIESEL,IDAZA,6.99,6.99,6.89,7.09,,2
2026-15,PR,DIESEL,IPIRANGA,7.2645,7.29,6.74,7.79,,29
2026-15,PR,DIESEL,POTENCIAL,7.14,7.14,7.09,7.19,,2
2026-15,PR,DIESEL,RAIZEN,7.3424,7.29,6.79,7.99,,37
2026-15,PR,DIESEL,RODOIL,7.26,7.26,7.13,7.39,,2
2026-15,PR,DIESEL,STANG,7.05,7.05,6.97,7.13,,2
2026-15,PR,DIESEL,VIBRA,7.3469,7.29,6.79,7.99,,16
2026-15,PR,DIESEL S10,BRANCA,7.5609,7.49,6.99,8.2,,55
2026-15,PR,DIESEL S10,CIAPETRO,7.5525,7.54,7.48,7.65,,4
2026-15,PR,DIESEL S10,DIBRAPE,7.09,7.09,7.09,7.09,,2
2026-15,PR,DIESEL S10,ESTRADA,7.39,7.39,7.39,7.39,,1
2026-15,PR,DIESEL S10,IDAZA,7.09,7.09,6.99,7.19,,2
2026-15,PR,DIESEL S10,IPIRANGA,7.7202,7.69,7.19,8.39,,49
2026-15,PR,DIESEL S10,MAXSUL,7.09,7.09,7.09,7.09,,1
2026-15,PR,DIESEL S10,POTENCIAL,7.29,7.29,7.29,7.29,,1
2026-15,PR,DIESEL S10,RAIZEN,7.6259,7.59,7.19,7.99,,39
2026-15,PR,DIESEL S10,RODOIL,7.31,7.19,7.15,7.59,,3
2026-15,PR,DIESEL S10,STANG,7.03,6.99,6.99,7.15,,4
2026-15,PR,DIESEL S10,VIBRA,7.7207,7.69,7.19,8.39,,27
2026-15,RJ,DIESEL,ALE,7.1333,7.29,6.82,7.29,,3
2026-15,RJ,DIESEL,BRANCA,7.4054,7.38,6.09,8.29,,46
2026-15,RJ,DIESEL,IPIRANGA,7.1994,6.99,6.89,8.09,,17
2026-15,RJ,DIESEL,RAIZEN,7.2243,7.22,6.77,7.79,,28
2026-15,RJ,DIESEL,VIBRA,7.2196,7.23,6.69,7.74,,26
2026-15,RJ,DIESEL S10,ALE,7.0888,7.09,6.68,7.59,,8
2026-15,RJ,DIESEL S10,BRANCA,7.5532,7.52,6.09,8.39,,90
2026-15,RJ,DIESEL S10,IPIRANGA,7.2359,7.19,6.69,8.29,,39
2026-15,RJ,DIESEL S10,NEXTA,6.615,6.615,6.24,6.99,,2
2026-15,RJ,DIESEL S10,RAIZEN,7.1617,7.19,5.69,7.89,,36
2026-15,RJ,DIESEL S10,VIBRA,7.533,7.59,6.79,7.99,,30
2026-15,RS,DIESEL,BRANCA,7.1906,7.19,6.49,8.24,,47
2026-15,RS,DIESEL,CHARRUA,7.1907,7.19,6.95,7.49,,15
2026-15,RS,DIESEL,IPIRANGA,7.2582,7.19,6.75,8.44,,56
2026-15,RS,DIESEL,POTENCIAL,7.39,7.39,7.39,7.39,,1
2026-15,RS,DIESEL,RAIZEN,7.2194,7.25,6.79,7.91,,31
2026-15,RS,DIESEL,RODOIL,7.24,7.24,7.09,7.39,,4
2026-15,RS,DIESEL,SANTA LUCIA,7.39,7.39,7.39,7.39,,2
2026-15,RS,DIESEL,VIBRA,7.225,7.235,6.79,7.97,,34
2026-15,RS,DIESEL S10,BRANCA,7.2769,7.29,6.39,8.25,,61
2026-15,RS,DIESEL S10,CHARRUA,7.3556,7.39,6.99,7.59,,16
2026-15,RS,DIESEL S10,IPIRANGA,7.3605,7.34,6.87,8.54,,65
2026-15,RS,DIESEL S10,POTENCIAL,7.49,7.49,7.49,7.49,,1
2026-15,RS,DIESEL S10,RAIZEN,7.3756,7.39,6.89,8.04,,25
2026-15,RS,DIESEL S10,RODOIL,7.3171,7.38,6.99,7.49,,7
2026-15,RS,DIESEL S10,SANTA LUCIA,7.6567,7.49,7.49,7.99,,3
2026-15,RS,DIESEL S10,VIBRA,7.3084,7.29,6.89,8.09,,51
2026-15,SP,DIESEL,ALE,7.19,7.19,7.19,7.19,,2
2026-15,SP,DIESEL,BRANCA,7.4298,7.39,6.54,8.39,,163
2026-15,SP,DIESEL,D`MAIS,6.79,6.79,6.79,6.79,,1
2026-15,SP,DIESEL,IPIRANGA,7.3703,7.39,6.45,8.34,,96
2026-15,SP,DIESEL,NEXTA,7.79,7.79,7.79,7.79,,1
2026-15,SP,DIESEL,RAIZEN,7.2709,7.19,6.29,7.99,,86
2026-15,SP,DIESEL,SIM DISTRIBUIDOR,7.39,7.39,7.39,7.39,,1
2026-15,SP,DIESEL,TAURUS,7.69,7.69,7.69,7.69,,1
2026-15,SP,DIESEL,VIBRA,7.3961,7.39,6.09,8.99,,72
2026-15,SP,DIESEL S10,ALE,7.5415,7.49,7.29,7.69,,13
2026-15,SP,DIESEL S10,BRANCA,7.5215,7.49,6.59,8.99,,323
2026-15,SP,DIESEL S10,D`MAIS,6.99,6.99,6.99,6.99,,1
2026-15,SP,DIESEL S10,IPIRANGA,7.6586,7.59,6.99,8.64,,201
2026-15,SP,DIESEL S10,NEXTA,7.89,7.89,7.89,7.89,,1
2026-15,SP,DIESEL S10,RAIZEN,7.6135,7.59,6.79,9.69,,136
2026-15,SP,DIESEL S10,SIM DISTRIBUIDOR,7.64,7.64,7.49,7.79,,2
2026-15,SP,DIESEL S10,TAURUS,7.79,7.79,7.79,7.79,,1
2026-15,SP,DIESEL S10,VIBRA,7.6835,7.62,6.19,9.79,,136
2026-16,BA,DIESEL,ALE,8.19,8.29,7.89,8.39,,3
2026-16,BA,DIESEL,BRANCA,7.9854,7.95,7.19,8.89,,74
2026-16,BA,DIESEL,IPIRANGA,8.172,8.19,7.49,8.89,,15
2026-16,BA,DIESEL,LARCO,7.8725,7.865,7.46,8.3,,4
2026-16,BA,DIESEL,PETROBAHIA,7.9333,7.89,7.83,8.08,,3
2026-16,BA,DIESEL,PETROSERRA,7.46,7.46,7.46,7.46,,1
2026-16,BA,DIESEL,RAIZEN,8.055,7.97,7.49,8.79,,22
2026-16,BA,DIESEL,VIBRA,7.8368,7.79,7.08,8.6,,19
2026-16,BA,DIESEL S10,ALE,8.28,8.36,7.99,8.49,,3
2026-16,BA,DIESEL S10,BRANCA,8.0939,7.99,7.39,9.35,,90
2026-16,BA,DIESEL S10,IPIRANGA,8.1276,8.07,7.39,8.99,,21
2026-16,BA,DIESEL S10,LARCO,7.9125,7.845,7.56,8.4,,4
2026-16,BA,DIESEL S10,PETROBAHIA,8.05,8.04,7.93,8.19,,4
2026-16,BA,DIESEL S10,PETROSERRA,7.56,7.56,7.56,7.56,,1
2026-16,BA,DIESEL S10,RAIZEN,8.2133,8.05,7.59,9.04,,27
2026-16,BA,DIESEL S10,TEMAPE,7.59,7.59,7.59,7.59,,1
2026-16,BA,DIESEL S10,VIBRA,8.0466,7.99,7.18,9.04,,29
2026-16,DF,DIESEL,BRANCA,7.3729,7.39,7.09,7.59,,14
2026-16,DF,DIESEL,IPIRANGA,7.15,7.14,6.83,7.49,,4
2026-16,DF,DIESEL,VIBRA,7.13,7.13,6.99,7.27,,2
2026-16,DF,DIESEL S10,BRANCA,7.4612,7.39,7.09,7.99,,16
2026-16,DF,DIESEL S10,RAIZEN,7.59,7.59,7.59,7.59,,1
2026-16,DF,DIESEL S10,VIBRA,7.4633,7.53,7.19,7.67,,3
2026-16,GO,DIESEL,ALE,6.98,6.98,6.97,6.99,,2
2026-16,GO,DIESEL,BRANCA,7.1252,7.09,6.29,7.79,,44
2026-16,GO,DIESEL,CIAPETRO,6.95,6.95,6.95,6.95,,1
2026-16,GO,DIESEL,IPIRANGA,7.0731,6.99,6.59,7.59,,16
2026-16,GO,DIESEL,NEXTA,7.122,7.19,6.75,7.29,,5
2026-16,GO,DIESEL,RAIZEN,7.2333,7.22,6.79,7.69,,12
2026-16,GO,DIESEL,VIBRA,7.2925,7.29,6.54,7.95,,12
2026-16,GO,DIESEL S10,ALE,7.18,7.18,6.99,7.37,,2
2026-16,GO,DIESEL S10,BRANCA,7.2015,7.19,6.34,7.79,,67
2026-16,GO,DIESEL S10,CIAPETRO,6.99,6.99,6.99,6.99,,1
2026-16,GO,DIESEL S10,IPIRANGA,7.2623,7.39,6.59,7.67,,26
2026-16,GO,DIESEL S10,NEXTA,7.1875,7.29,6.78,7.39,,4
2026-16,GO,DIESEL S10,RAIZEN,7.2932,7.19,6.79,7.79,,19
2026-16,GO,DIESEL S10,VIBRA,7.4195,7.39,6.99,7.99,,21
2026-16,MG,DIESEL,ALE,6.9309,6.89,6.67,7.49,,22
2026-16,MG,DIESEL,BRANCA,7.1159,7.09,6.45,7.89,,86
2026-16,MG,DIESEL,CIAPETRO,7.37,7.37,7.37,7.37,,1
2026-16,MG,DIESEL,IPIRANGA,7.0412,6.99,6.49,7.79,,50
2026-16,MG,DIESEL,NEXTA,7.59,7.59,7.59,7.59,,1
2026-16,MG,DIESEL,RAIZEN,7.1116,7.09,6.59,7.69,,25
2026-16,MG,DIESEL,RIO BRANCO,6.79,6.79,6.79,6.79,,1
2026-16,MG,DIESEL,RODOIL,6.99,6.99,6.99,6.99,,1
2026-16,MG,DIESEL,VIBRA,6.9966,6.89,6.39,7.79,,58
2026-16,MG,DIESEL S10,ALE,7.1186,6.99,6.85,7.59,,21
2026-16,MG,DIESEL S10,BRANCA,7.3242,7.315,6.49,7.99,,130
2026-16,MG,DIESEL S10,CIAPETRO,7.49,7.49,7.49,7.49,,1
2026-16,MG,DIESEL S10,IPIRANGA,7.2532,7.29,6.74,7.99,,59
2026-16,MG,DIESEL S10,MONTEPETRO,7.35,7.35,7.35,7.35,,1
2026-16,MG,DIESEL S10,NEXTA,7.27,7.27,7.15,7.39,,2
2026-16,MG,DIESEL S10,RAIZEN,7.3189,7.39,6.89,7.89,,37
2026-16,MG,DIESEL S10,RIO BRANCO,6.99,6.99,6.99,6.99,,1
2026-16,MG,DIESEL S10,RODOIL,7.19,7.19,7.19,7.19,,1
2026-16,MG,DIESEL S10,VIBRA,7.2167,7.09,6.69,7.99,,89
2026-16,PR,DIESEL,BRANCA,7.1545,7.03,6.49,8.49,,33
2026-16,PR,DIESEL,CIAPETRO,7.1867,7.18,6.99,7.39,,3
2026-16,PR,DIESEL,DIBRAPE,6.99,6.99,6.99,6.99,,2
2026-16,PR,DIESEL,IDAZA,6.97,6.97,6.79,7.15,,2
2026-16,PR,DIESEL,IPIRANGA,7.2236,7.09,6.79,7.89,,28
2026-16,PR,DIESEL,POTENCIAL,7.09,7.09,7.09,7.09,,1
2026-16,PR,DIESEL,RAIZEN,7.1842,7.19,6.59,7.69,,33
2026-16,PR,DIESEL,RODOIL,6.79,6.79,6.79,6.79,,1
2026-16,PR,DIESEL,STANG,6.8367,6.77,6.77,6.97,,3
2026-16,PR,DIESEL,VIBRA,7.2956,7.29,6.69,7.78,,16
2026-16,PR,DIESEL S10,BRANCA,7.3775,7.39,6.89,8.2,,56
2026-16,PR,DIESEL S10,CIAPETRO,7.515,7.515,7.38,7.65,,2
2026-16,PR,DIESEL S10,DIBRAPE,7.09,7.09,7.09,7.09,,2
2026-16,PR,DIESEL S10,IDAZA,7.12,7.12,6.99,7.25,,2
2026-16,PR,DIESEL S10,IPIRANGA,7.6531,7.74,6.99,8.19,,42
2026-16,PR,DIESEL S10,MAXSUL,6.99,6.99,6.99,6.99,,1
2026-16,PR,DIESEL S10,POTENCIAL,7.29,7.29,7.29,7.29,,1
2026-16,PR,DIESEL S10,RAIZEN,7.4471,7.49,6.84,7.99,,34
2026-16,PR,DIESEL S10,RODOIL,6.9567,6.99,6.89,6.99,,3
2026-16,PR,DIESEL S10,STANG,6.83,6.79,6.79,6.99,,5
2026-16,PR,DIESEL S10,VIBRA,7.6012,7.58,6.99,8.29,,24
2026-16,RJ,DIESEL,ALE,7.0733,7.29,6.64,7.29,,3
2026-16,RJ,DIESEL,BRANCA,7.3224,7.29,6.75,7.99,,33
2026-16,RJ,DIESEL,IPIRANGA,6.9864,6.99,6.79,7.39,,14
2026-16,RJ,DIESEL,RAIZEN,7.1664,7.205,6.84,7.49,,22
2026-16,RJ,DIESEL,VIBRA,7.1277,7.04,6.78,7.64,,22
2026-16,RJ,DIESEL S10,ALE,7.1236,7.19,6.68,7.63,,11
2026-16,RJ,DIESEL S10,BRANCA,7.4556,7.39,6.89,8.19,,71
2026-16,RJ,DIESEL S10,IPIRANGA,7.0948,7.09,6.69,7.49,,25
2026-16,RJ,DIESEL S10,NEXTA,6.515,6.515,6.24,6.79,,2
2026-16,RJ,DIESEL S10,RAIZEN,7.1455,7.19,5.69,7.85,,31
2026-16,RJ,DIESEL S10,VIBRA,7.4371,7.44,6.97,7.99,,24
2026-16,RS,DIESEL,BRANCA,6.9321,6.89,6.29,7.99,,43
2026-16,RS,DIESEL,CHARRUA,7.0845,7.04,6.83,7.39,,11
2026-16,RS,DIESEL,IPIRANGA,7.1763,7.175,6.59,8.24,,54
2026-16,RS,DIESEL,POTENCIAL,6.99,6.99,6.99,6.99,,1
2026-16,RS,DIESEL,RAIZEN,7.0772,6.99,6.79,7.91,,29
2026-16,RS,DIESEL,RODOIL,7.1162,7.14,6.79,7.35,,8
2026-16,RS,DIESEL,SANTA LUCIA,7.39,7.39,7.39,7.39,,1
2026-16,RS,DIESEL,VIBRA,7.1389,7.09,6.59,7.97,,28
2026-16,RS,DIESEL S10,ALE,7.09,7.09,7.09,7.09,,1
2026-16,RS,DIESEL S10,BRANCA,7.1246,7.09,6.49,8.25,,57
2026-16,RS,DIESEL S10,CHARRUA,7.2069,7.19,6.93,7.49,,13
2026-16,RS,DIESEL S10,IPIRANGA,7.306,7.29,6.69,8.34,,58
2026-16,RS,DIESEL S10,MAXSUL,6.99,6.99,6.99,6.99,,1
2026-16,RS,DIESEL S10,POTENCIAL,7.39,7.39,7.39,7.39,,1
2026-16,RS,DIESEL S10,RAIZEN,7.2517,7.19,6.79,8.04,,23
2026-16,RS,DIESEL S10,RODOIL,7.3712,7.39,7.19,7.49,,8
2026-16,RS,DIESEL S10,SANTA LUCIA,7.99,7.99,7.99,7.99,,1
2026-16,RS,DIESEL S10,VIBRA,7.2239,7.19,6.69,8.09,,44
2026-16,SP,DIESEL,ALE,7.62,7.89,6.99,7.98,,3
2026-16,SP,DIESEL,BRANCA,7.2114,7.11,6.59,8.53,,158
2026-16,SP,DIESEL,D`MAIS,6.84,6.84,6.79,6.89,,2
2026-16,SP,DIESEL,IPIRANGA,7.3034,7.29,6.49,7.99,,98
2026-16,SP,DIESEL,NEXTA,7.79,7.79,7.79,7.79,,1
2026-16,SP,DIESEL,RAIZEN,7.263,7.19,6.29,8.39,,77
2026-16,SP,DIESEL,SIM DISTRIBUIDOR,7.29,7.29,7.29,7.29,,1
2026-16,SP,DIESEL,VIBRA,7.3149,7.27,6.69,8.99,,61
2026-16,SP,DIESEL S10,ALE,7.4893,7.49,6.89,7.99,,14
2026-16,SP,DIESEL S10,BRANCA,7.3068,7.29,5.99,8.99,,317
2026-16,SP,DIESEL S10,D`MAIS,6.99,6.99,6.99,6.99,,2
2026-16,SP,DIESEL S10,IPIRANGA,7.5741,7.59,6.59,8.29,,194
2026-16,SP,DIESEL S10,NEXTA,7.09,7.09,7.09,7.09,,1
2026-16,SP,DIESEL S10,RAIZEN,7.5701,7.49,6.79,9.69,,139
2026-16,SP,DIESEL S10,SIM DISTRIBUIDOR,7.2233,7.29,6.99,7.39,,3
2026-16,SP,DIESEL S10,TAURUS,7.17,7.17,7.17,7.17,,1
2026-16,SP,DIESEL S10,VIBRA,7.5849,7.49,6.69,9.79,,130
2026-17,BA,DIESEL,ALE,8.19,8.29,7.89,8.39,,3
2026-17,BA,DIESEL,BRANCA,7.9315,7.89,7.19,8.89,,78
2026-17,BA,DIESEL,IPIRANGA,8.0036,7.99,7.39,8.47,,11
2026-17,BA,DIESEL,LARCO,7.8225,7.84,7.31,8.3,,4
2026-17,BA,DIESEL,PETROBAHIA,7.96,7.96,7.83,8.09,,2
2026-17,BA,DIESEL,PETROSERRA,7.39,7.39,7.39,7.39,,1
2026-17,BA,DIESEL,RAIZEN,8.0055,7.925,7.42,8.77,,22
2026-17,BA,DIESEL,VIBRA,7.7225,7.67,6.93,8.6,,16
2026-17,BA,DIESEL S10,ALE,8.075,8.175,7.46,8.49,,4
2026-17,BA,DIESEL S10,BRANCA,8.0678,7.99,7.38,9.35,,89
2026-17,BA,DIESEL S10,IPIRANGA,8.0957,8.09,7.39,8.89,,23
2026-17,BA,DIESEL S10,LARCO,7.8625,7.82,7.41,8.4,,4
2026-17,BA,DIESEL S10,PETROBAHIA,8.07,8.09,7.93,8.19,,3
2026-17,BA,DIESEL S10,PETROSERRA,7.49,7.49,7.49,7.49,,1
2026-17,BA,DIESEL S10,RAIZEN,8.1236,7.99,7.39,8.89,,25
2026-17,BA,DIESEL S10,TEMAPE,7.59,7.59,7.59,7.59,,1
2026-17,BA,DIESEL S10,VIBRA,7.9545,7.99,6.99,8.79,,29
2026-17,DF,DIESEL,BRANCA,7.2723,7.29,6.98,7.49,,13
2026-17,DF,DIESEL,IPIRANGA,7.05,6.99,6.83,7.39,,4
2026-17,DF,DIESEL,VIBRA,7.0725,7.02,6.98,7.27,,4
2026-17,DF,DIESEL S10,BRANCA,7.3147,7.38,6.89,7.89,,15
2026-17,DF,DIESEL S10,VIBRA,7.21,7.19,6.99,7.39,,5
2026-17,GO,DIESEL,ALE,6.73,6.73,6.59,6.87,,2
2026-17,GO,DIESEL,BRANCA,6.9124,6.99,6.07,7.79,,49
2026-17,GO,DIESEL,CIAPETRO,6.65,6.65,6.65,6.65,,1
2026-17,GO,DIESEL,IPIRANGA,6.92,6.99,6.29,7.49,,15
2026-17,GO,DIESEL,NEXTA,6.9067,7.09,6.54,7.09,,3
2026-17,GO,DIESEL,RAIZEN,6.8333,6.87,6.29,7.45,,12
2026-17,GO,DIESEL,VIBRA,7.2071,7.205,6.57,7.95,,14
2026-17,GO,DIESEL S10,ALE,6.83,6.83,6.69,6.97,,2
2026-17,GO,DIESEL S10,BRANCA,7.0108,6.99,6.37,7.79,,71
2026-17,GO,DIESEL S10,CIAPETRO,6.69,6.69,6.69,6.69,,1
2026-17,GO,DIESEL S10,IPIRANGA,7.1376,7.09,6.37,7.99,,29
2026-17,GO,DIESEL S10,NEXTA,6.915,6.915,6.64,7.19,,2
2026-17,GO,DIESEL S10,RAIZEN,6.9112,6.99,6.39,7.65,,17
2026-17,GO,DIESEL S10,VIBRA,7.2539,7.19,6.77,7.99,,18
2026-17,MG,DIESEL,ALE,6.8513,6.85,6.48,7.19,,23
2026-17,MG,DIESEL,BRANCA,6.9908,6.89,6.39,7.68,,79
2026-17,MG,DIESEL,IPIRANGA,6.941,6.89,6.49,7.79,,48
2026-17,MG,DIESEL,MONTEPETRO,6.99,6.99,6.99,6.99,,1
2026-17,MG,DIESEL,RAIZEN,7.0088,6.99,6.49,7.69,,25
2026-17,MG,DIESEL,RIO BRANCO,6.44,6.44,6.44,6.44,,1
2026-17,MG,DIESEL,RODOIL,6.89,6.89,6.89,6.89,,1
2026-17,MG,DIESEL,VIBRA,6.9139,6.89,6.29,7.49,,56
2026-17,MG,DIESEL S10,ALE,7.0869,7.04,6.79,7.58,,26
2026-17,MG,DIESEL S10,BRANCA,7.1886,7.09,6.59,7.99,,115
2026-17,MG,DIESEL S10,IPIRANGA,7.1532,7.09,6.39,7.99,,57
2026-17,MG,DIESEL S10,MONTEPETRO,7.25,7.25,7.25,7.25,,1
2026-17,MG,DIESEL S10,NEXTA,6.99,6.99,6.99,6.99,,1
2026-17,MG,DIESEL S10,RAIZEN,7.2224,7.19,6.59,7.89,,37
2026-17,MG,DIESEL S10,RIO BRANCO,6.64,6.64,6.64,6.64,,1
2026-17,MG,DIESEL S10,RODOIL,6.99,6.99,6.99,6.99,,1
2026-17,MG,DIESEL S10,VIBRA,7.1517,6.99,6.63,7.89,,81
2026-17,PR,DIESEL,BRANCA,6.9429,6.82,6.45,7.99,,28
2026-17,PR,DIESEL,CIAPETRO,6.7233,6.79,6.59,6.79,,3
2026-17,PR,DIESEL,IDAZA,6.92,6.92,6.69,7.15,,2
2026-17,PR,DIESEL,IPIRANGA,7.04,6.99,6.44,7.79,,26
2026-17,PR,DIESEL,RAIZEN,7.0806,7.15,6.49,7.59,,35
2026-17,PR,DIESEL,RODOIL,6.79,6.79,6.79,6.79,,1
2026-17,PR,DIESEL,STANG,6.74,6.74,6.54,6.94,,2
2026-17,PR,DIESEL,VIBRA,7.215,7.245,6.54,7.78,,14
2026-17,PR,DIESEL S10,BRANCA,7.2,7.09,6.74,7.89,,50
2026-17,PR,DIESEL S10,CIAPETRO,7.015,6.99,6.89,7.19,,4
2026-17,PR,DIESEL S10,IDAZA,7.02,7.02,6.79,7.25,,2
2026-17,PR,DIESEL S10,IPIRANGA,7.4494,7.39,6.69,8.14,,33
2026-17,PR,DIESEL S10,MAXSUL,6.99,6.99,6.99,6.99,,1
2026-17,PR,DIESEL S10,RAIZEN,7.3022,7.29,6.71,7.89,,37
2026-17,PR,DIESEL S10,RODOIL,6.94,6.94,6.89,6.99,,2
2026-17,PR,DIESEL S10,STANG,6.84,6.79,6.74,6.99,,3
2026-17,PR,DIESEL S10,VIBRA,7.4641,7.49,6.79,7.99,,17
2026-17,RJ,DIESEL,ALE,6.965,6.965,6.64,7.29,,2
2026-17,RJ,DIESEL,BRANCA,7.2994,7.19,6.67,7.99,,47
2026-17,RJ,DIESEL,IPIRANGA,7.1233,6.99,6.59,8.39,,15
2026-17,RJ,DIESEL,RAIZEN,7.1663,7.19,6.57,7.69,,27
2026-17,RJ,DIESEL,VIBRA,7.1152,6.99,6.69,7.74,,21
2026-17,RJ,DIESEL S10,ALE,7.1015,6.99,6.68,7.63,,13
2026-17,RJ,DIESEL S10,BRANCA,7.43,7.39,6.79,8.19,,93
2026-17,RJ,DIESEL S10,IPIRANGA,7.1983,7.09,6.69,8.74,,36
2026-17,RJ,DIESEL S10,NEXTA,6.515,6.515,6.24,6.79,,2
2026-17,RJ,DIESEL S10,RAIZEN,7.1339,7.09,5.69,7.85,,38
2026-17,RJ,DIESEL S10,VIBRA,7.421,7.49,6.97,7.79,,31
2026-17,RS,DIESEL,BRANCA,6.7945,6.79,6.29,7.89,,42
2026-17,RS,DIESEL,CHARRUA,7.035,7.05,6.56,7.39,,12
2026-17,RS,DIESEL,IPIRANGA,7.1256,6.99,6.39,8.69,,57
2026-17,RS,DIESEL,POTENCIAL,6.89,6.89,6.89,6.89,,1
2026-17,RS,DIESEL,RAIZEN,6.981,6.89,6.49,7.91,,29
2026-17,RS,DIESEL,RODOIL,7.0638,7.175,6.65,7.29,,8
2026-17,RS,DIESEL,SANTA LUCIA,6.99,6.99,6.99,6.99,,1
2026-17,RS,DIESEL,VIBRA,6.9507,6.98,6.59,7.6,,28
2026-17,RS,DIESEL S10,BRANCA,6.9903,6.975,6.49,8.19,,58
2026-17,RS,DIESEL S10,CHARRUA,7.1762,7.19,6.93,7.49,,13
2026-17,RS,DIESEL S10,IPIRANGA,7.2197,7.09,6.69,8.79,,61
2026-17,RS,DIESEL S10,POTENCIAL,7.19,7.19,7.19,7.19,,1
2026-17,RS,DIESEL S10,RAIZEN,7.0862,6.99,6.69,8.04,,26
2026-17,RS,DIESEL S10,RODOIL,7.162,7.29,6.53,7.39,,10
2026-17,RS,DIESEL S10,SANTA LUCIA,7.14,7.14,7.14,7.14,,1
2026-17,RS,DIESEL S10,VIBRA,7.0381,6.99,6.69,7.79,,48
2026-17,SP,DIESEL,ALE,7.4375,7.44,6.89,7.98,,4
2026-17,SP,DIESEL,BRANCA,6.9766,6.89,6.29,8.19,,161
2026-17,SP,DIESEL,D`MAIS,6.79,6.79,6.79,6.79,,2
2026-17,SP,DIESEL,IPIRANGA,7.2055,7.19,6.49,7.99,,91
2026-17,SP,DIESEL,RAIZEN,7.132,7.09,6.29,7.99,,76
2026-17,SP,DIESEL,SIM DISTRIBUIDOR,7.29,7.29,7.29,7.29,,1
2026-17,SP,DIESEL,VIBRA,7.1947,7.19,6.39,8.69,,73
2026-17,SP,DIESEL S10,ALE,7.2877,7.19,6.89,7.99,,13
2026-17,SP,DIESEL S10,BRANCA,7.1327,6.99,6.49,8.29,,308
2026-17,SP,DIESEL S10,D`MAIS,6.99,6.99,6.99,6.99,,2
2026-17,SP,DIESEL S10,IPIRANGA,7.463,7.44,6.49,8.29,,192
2026-17,SP,DIESEL S10,NEXTA,7.09,7.09,7.09,7.09,,1
2026-17,SP,DIESEL S10,RAIZEN,7.4486,7.39,6.79,9.19,,144
2026-17,SP,DIESEL S10,SIM DISTRIBUIDOR,7.34,7.34,7.29,7.39,,2
2026-17,SP,DIESEL S10,VIBRA,7.4663,7.47,6.49,8.49,,128
2026-18,BA,DIESEL,ALE,8.19,8.29,7.89,8.39,,3
2026-18,BA,DIESEL,BRANCA,7.9045,7.89,7.18,8.89,,73
2026-18,BA,DIESEL,IPIRANGA,8.0682,8.19,7.39,8.47,,11
2026-18,BA,DIESEL,LARCO,7.6433,7.59,7.25,8.09,,3
2026-18,BA,DIESEL,PETROBAHIA,7.76,7.76,7.44,8.08,,2
2026-18,BA,DIESEL,PETROSERRA,7.39,7.39,7.39,7.39,,1
2026-18,BA,DIESEL,RAIZEN,7.8638,7.84,7.39,8.57,,21
2026-18,BA,DIESEL,VIBRA,7.7012,7.59,7.39,8.6,,17
2026-18,BA,DIESEL S10,ALE,8.05,8.175,7.36,8.49,,4
2026-18,BA,DIESEL S10,BRANCA,8.0378,7.99,7.28,9.35,,82
2026-18,BA,DIESEL S10,IPIRANGA,8.0229,7.99,7.39,8.89,,21
2026-18,BA,DIESEL S10,LARCO,7.6633,7.69,7.35,7.95,,3
2026-18,BA,DIESEL S10,PETROBAHIA,7.94,8.09,7.54,8.19,,3
2026-18,BA,DIESEL S10,PETROSERRA,7.49,7.49,7.49,7.49,,1
2026-18,BA,DIESEL S10,RAIZEN,7.9812,7.89,7.39,8.89,,24
2026-18,BA,DIESEL S10,TEMAPE,7.59,7.59,7.59,7.59,,1
2026-18,BA,DIESEL S10,VIBRA,7.8955,7.89,7.39,8.79,,29
2026-18,DF,DIESEL,BRANCA,7.23,7.29,6.89,7.48,,13
2026-18,DF,DIESEL,IPIRANGA,7.05,6.99,6.83,7.39,,4
2026-18,DF,DIESEL,VIBRA,6.955,6.955,6.92,6.99,,2
2026-18,DF,DIESEL S10,BRANCA,7.292,7.38,6.89,7.89,,15
2026-18,DF,DIESEL S10,VIBRA,7.222,7.19,6.95,7.39,,5
2026-18,GO,DIESEL,ALE,6.68,6.68,6.59,6.77,,2
2026-18,GO,DIESEL,BRANCA,6.7939,6.79,6.29,7.5,,44
2026-18,GO,DIESEL,CIAPETRO,6.65,6.65,6.65,6.65,,1
2026-18,GO,DIESEL,IPIRANGA,6.8188,6.89,6.19,7.19,,17
2026-18,GO,DIESEL,NEXTA,6.64,6.64,6.39,6.89,,2
2026-18,GO,DIESEL,RAIZEN,6.7533,6.69,6.29,7.19,,12
2026-18,GO,DIESEL,VIBRA,7.1142,7.075,6.59,7.95,,12
2026-18,GO,DIESEL S10,ALE,6.77,6.77,6.77,6.77,,1
2026-18,GO,DIESEL S10,BRANCA,6.8685,6.875,6.39,7.6,,52
2026-18,GO,DIESEL S10,CIAPETRO,6.69,6.69,6.69,6.69,,1
2026-18,GO,DIESEL S10,IPIRANGA,6.9737,6.99,6.19,7.67,,30
2026-18,GO,DIESEL S10,NEXTA,6.715,6.715,6.44,6.99,,2
2026-18,GO,DIESEL S10,RAIZEN,6.8289,6.79,6.39,7.49,,18
2026-18,GO,DIESEL S10,VIBRA,7.1282,6.99,6.79,7.99,,17
2026-18,MG,DIESEL,ALE,6.8204,6.75,6.48,7.19,,23
2026-18,MG,DIESEL,BRANCA,6.9442,6.89,6.27,7.69,,71
2026-18,MG,DIESEL,CIAPETRO,6.69,6.69,6.69,6.69,,1
2026-18,MG,DIESEL,IPIRANGA,6.9154,6.83,6.49,7.79,,50
2026-18,MG,DIESEL,MONTEPETRO,6.99,6.99,6.99,6.99,,1
2026-18,MG,DIESEL,RAIZEN,6.9245,6.89,6.49,7.69,,31
2026-18,MG,DIESEL,RIO BRANCO,6.44,6.44,6.44,6.44,,1
2026-18,MG,DIESEL,RODOIL,6.69,6.69,6.69,6.69,,1
2026-18,MG,DIESEL,VIBRA,6.882,6.86,6.29,7.39,,56
2026-18,MG,DIESEL S10,ALE,7.0438,6.99,6.79,7.58,,26
2026-18,MG,DIESEL S10,BRANCA,7.1342,6.99,6.67,7.99,,113
2026-18,MG,DIESEL S10,CIAPETRO,6.89,6.89,6.89,6.89,,1
2026-18,MG,DIESEL S10,IPIRANGA,7.1479,7.09,6.69,7.99,,58
2026-18,MG,DIESEL S10,MONTEPETRO,7.09,7.09,7.09,7.09,,1
2026-18,MG,DIESEL S10,NEXTA,6.99,6.99,6.99,6.99,,1
2026-18,MG,DIESEL S10,RAIZEN,7.105,7.04,6.59,7.89,,42
2026-18,MG,DIESEL S10,RIO BRANCO,6.64,6.64,6.64,6.64,,1
2026-18,MG,DIESEL S10,RODOIL,6.89,6.89,6.89,6.89,,1
2026-18,MG,DIESEL S10,VIBRA,7.146,7.09,6.59,7.94,,81
2026-18,PR,DIESEL,BRANCA,6.8714,6.79,6.37,7.99,,29
2026-18,PR,DIESEL,CIAPETRO,6.79,6.79,6.79,6.79,,1
2026-18,PR,DIESEL,DIBRAPE,6.89,6.89,6.89,6.89,,2
2026-18,PR,DIESEL,ESTRADA,6.94,6.94,6.94,6.94,,1
2026-18,PR,DIESEL,IDAZA,6.82,6.82,6.49,7.15,,2
2026-18,PR,DIESEL,IPIRANGA,7.1024,6.99,6.59,7.79,,29
2026-18,PR,DIESEL,NEXTA,6.97,6.97,6.97,6.97,,1
2026-18,PR,DIESEL,POTENCIAL,6.99,6.99,6.99,6.99,,1
2026-18,PR,DIESEL,RAIZEN,7.0137,6.99,6.39,7.47,,30
2026-18,PR,DIESEL,RODOIL,6.69,6.69,6.69,6.69,,1
2026-18,PR,DIESEL,STANG,6.8567,6.94,6.69,6.94,,3
2026-18,PR,DIESEL,VIBRA,7.134,7.14,6.59,7.78,,20
2026-18,PR,DIESEL S10,BRANCA,7.1878,7.04,6.69,7.99,,54
2026-18,PR,DIESEL S10,CIAPETRO,7.1567,7.19,6.89,7.39,,3
2026-18,PR,DIESEL S10,DIBRAPE,6.99,6.99,6.99,6.99,,2
2026-18,PR,DIESEL S10,ESTRADA,7.09,7.09,7.09,7.09,,1
2026-18,PR,DIESEL S10,IDAZA,7.02,7.02,6.79,7.25,,2
2026-18,PR,DIESEL S10,IPIRANGA,7.5413,7.59,6.79,8.25,,52
2026-18,PR,DIESEL S10,MAXSUL,6.99,6.99,6.99,6.99,,1
2026-18,PR,DIESEL S10,NEXTA,7.31,7.31,7.31,7.31,,1
2026-18,PR,DIESEL S10,ON PETRO,6.99,6.99,6.99,6.99,,1
2026-18,PR,DIESEL S10,POTENCIAL,7.09,7.09,7.09,7.09,,1
2026-18,PR,DIESEL S10,RAIZEN,7.257,7.29,6.71,7.89,,40
2026-18,PR,DIESEL S10,RODOIL,6.89,6.89,6.79,6.99,,2
2026-18,PR,DIESEL S10,STANG,6.965,6.99,6.89,6.99,,4
2026-18,PR,DIESEL S10,VIBRA,7.4048,7.49,6.79,7.79,,27
2026-18,RJ,DIESEL,ALE,7.1333,7.29,6.82,7.29,,3
2026-18,RJ,DIESEL,BRANCA,7.1412,6.99,6.59,7.99,,40
2026-18,RJ,DIESEL,IPIRANGA,7.04,6.94,6.59,7.64,,10
2026-18,RJ,DIESEL,RAIZEN,7.0927,7.09,6.55,7.49,,22
2026-18,RJ,DIESEL,VIBRA,7.1271,6.99,6.69,7.74,,21
2026-18,RJ,DIESEL S10,ALE,7.2671,7.19,6.89,7.63,,7
2026-18,RJ,DIESEL S10,BRANCA,7.3482,7.29,6.49,7.99,,73
2026-18,RJ,DIESEL S10,IPIRANGA,7.1844,6.99,6.79,7.79,,25
2026-18,RJ,DIESEL S10,NEXTA,6.24,6.24,6.24,6.24,,1
2026-18,RJ,DIESEL S10,RAIZEN,7.1425,7.13,5.69,7.89,,32
2026-18,RJ,DIESEL S10,VIBRA,7.3758,7.34,6.97,7.79,,26
2026-18,RS,DIESEL,BRANCA,6.7205,6.69,6.29,7.89,,41
2026-18,RS,DIESEL,CHARRUA,6.945,6.955,6.56,7.29,,14
2026-18,RS,DIESEL,IPIRANGA,7.0669,6.99,6.59,7.99,,55
2026-18,RS,DIESEL,POTENCIAL,6.89,6.89,6.89,6.89,,1
2026-18,RS,DIESEL,RAIZEN,6.9954,6.89,6.55,7.91,,26
2026-18,RS,DIESEL,RODOIL,6.9775,7.04,6.34,7.29,,8
2026-18,RS,DIESEL,SANTA LUCIA,7.39,7.39,7.39,7.39,,1
2026-18,RS,DIESEL,VIBRA,6.9622,6.98,6.59,7.7,,32
2026-18,RS,DIESEL S10,BRANCA,6.9454,6.89,6.39,7.99,,52
2026-18,RS,DIESEL S10,CHARRUA,7.1035,7.09,6.78,7.39,,17
2026-18,RS,DIESEL S10,IPIRANGA,7.18,7.085,6.69,7.99,,60
2026-18,RS,DIESEL S10,POTENCIAL,6.99,6.99,6.99,6.99,,1
2026-18,RS,DIESEL S10,RAIZEN,7.0943,6.99,6.69,8.04,,21
2026-18,RS,DIESEL S10,RODOIL,7.0722,7.09,6.53,7.39,,9
2026-18,RS,DIESEL S10,SANTA LUCIA,7.74,7.74,7.49,7.99,,2
2026-18,RS,DIESEL S10,VIBRA,7.0284,6.99,6.69,7.81,,49
2026-18,SP,DIESEL,ALE,7.1233,6.79,6.69,7.89,,3
2026-18,SP,DIESEL,BRANCA,6.8669,6.89,6.27,7.89,,198
2026-18,SP,DIESEL,D`MAIS,6.8233,6.79,6.79,6.89,,3
2026-18,SP,DIESEL,IPIRANGA,7.2033,7.19,6.39,7.99,,90
2026-18,SP,DIESEL,NEXTA,7.59,7.59,7.59,7.59,,1
2026-18,SP,DIESEL,RAIZEN,7.1255,7.09,6.29,8.39,,77
2026-18,SP,DIESEL,RODOIL,6.59,6.59,6.59,6.59,,1
2026-18,SP,DIESEL,SIM DISTRIBUIDOR,7.29,7.29,7.29,7.29,,1
2026-18,SP,DIESEL,VIBRA,7.0949,7.06,6.49,8.69,,74
2026-18,SP,DIESEL S10,ALE,7.2541,7.19,6.89,7.99,,17
2026-18,SP,DIESEL S10,BRANCA,7.0073,6.99,5.79,7.99,,372
2026-18,SP,DIESEL S10,D`MAIS,6.99,6.99,6.99,6.99,,3
2026-18,SP,DIESEL S10,IPIRANGA,7.5065,7.49,6.69,9.99,,184
2026-18,SP,DIESEL S10,NEXTA,7.79,7.79,7.79,7.79,,1
2026-18,SP,DIESEL S10,RAIZEN,7.3844,7.29,6.67,9.19,,131
2026-18,SP,DIESEL S10,RODOIL,6.69,6.69,6.69,6.69,,1
2026-18,SP,DIESEL S10,SIM DISTRIBUIDOR,7.2233,7.29,6.99,7.39,,3
2026-18,SP,DIESEL S10,VIBRA,7.4229,7.39,6.69,9.79,,130
